{"cameraMode":{"drawMode":0,"name":"Shaded","section":"Shading Mode"},"sceneLighting":false,"audioPlay":false,"sceneViewState":{"showFog":true,"showMaterialUpdate":false,"showSkybox":false,"showFlares":true,"showImageEffects":true,"showParticleSystems":true},"in2DMode":false,"pivot":{"x":-0.5322265625,"y":0.17431640625,"z":0.397705078125},"rotation":{"x":-0.14845646917819978,"y":0.8508734107017517,"z":-0.3741840422153473,"w":-0.33758172392845156},"size":3.4565327167510988,"orthographic":true}